# Runtime representation contracts: owner	name	descriptor	kind
java/lang/String	<init>	([B)V	INSTANCE
java/lang/String	<init>	([BII)V	INSTANCE
java/lang/String	<init>	([BLjava/nio/charset/Charset;)V	INSTANCE
java/lang/String	chars	()Ljava/util/stream/IntStream;	INSTANCE
java/lang/String	codePointAt	(I)I	INSTANCE
java/lang/String	codePointBefore	(I)I	INSTANCE
java/lang/String	codePointCount	(II)I	INSTANCE
java/lang/String	compareToIgnoreCase	(Ljava/lang/String;)I	INSTANCE
java/lang/String	contains	(Ljava/lang/CharSequence;)Z	INSTANCE
java/lang/String	endsWith	(Ljava/lang/String;)Z	INSTANCE
java/lang/String	equalsIgnoreCase	(Ljava/lang/String;)Z	INSTANCE
java/lang/String	format	(Ljava/lang/String;[Ljava/lang/Object;)Ljava/lang/String;	STATIC
java/lang/String	format	(Ljava/util/Locale;Ljava/lang/String;[Ljava/lang/Object;)Ljava/lang/String;	STATIC
java/lang/String	getBytes	()[B	INSTANCE
java/lang/String	getBytes	(Ljava/lang/String;)[B	INSTANCE
java/lang/String	getBytes	(Ljava/nio/charset/Charset;)[B	INSTANCE
java/lang/String	getChars	(II[CI)V	INSTANCE
java/lang/String	indexOf	(I)I	INSTANCE
java/lang/String	indexOf	(II)I	INSTANCE
java/lang/String	indexOf	(Ljava/lang/String;)I	INSTANCE
java/lang/String	indexOf	(Ljava/lang/String;I)I	INSTANCE
java/lang/String	isBlank	()Z	INSTANCE
java/lang/String	lastIndexOf	(I)I	INSTANCE
java/lang/String	lastIndexOf	(II)I	INSTANCE
java/lang/String	matches	(Ljava/lang/String;)Z	INSTANCE
java/lang/String	offsetByCodePoints	(II)I	INSTANCE
java/lang/String	repeat	(I)Ljava/lang/String;	INSTANCE
java/lang/String	replace	(CC)Ljava/lang/String;	INSTANCE
java/lang/String	replace	(Ljava/lang/CharSequence;Ljava/lang/CharSequence;)Ljava/lang/String;	INSTANCE
java/lang/String	replaceAll	(Ljava/lang/String;Ljava/lang/String;)Ljava/lang/String;	INSTANCE
java/lang/String	replaceFirst	(Ljava/lang/String;Ljava/lang/String;)Ljava/lang/String;	INSTANCE
java/lang/String	split	(Ljava/lang/String;)[Ljava/lang/String;	INSTANCE
java/lang/String	split	(Ljava/lang/String;I)[Ljava/lang/String;	INSTANCE
java/lang/String	startsWith	(Ljava/lang/String;)Z	INSTANCE
java/lang/String	startsWith	(Ljava/lang/String;I)Z	INSTANCE
java/lang/String	toCharArray	()[C	INSTANCE
java/lang/String	toLowerCase	()Ljava/lang/String;	INSTANCE
java/lang/String	toLowerCase	(Ljava/util/Locale;)Ljava/lang/String;	INSTANCE
java/lang/String	toUpperCase	()Ljava/lang/String;	INSTANCE
java/lang/String	toUpperCase	(Ljava/util/Locale;)Ljava/lang/String;	INSTANCE
