# Logical runtime contract owners; full native layout restrictions are in RuntimeLibrary.
java/io/IOException
java/io/PrintStream
java/io/Serializable
java/lang/AbstractMethodError
java/lang/ArithmeticException
java/lang/ArrayIndexOutOfBoundsException
java/lang/ArrayStoreException
java/lang/AutoCloseable
java/lang/Class
java/lang/ClassCastException
java/lang/ClassNotFoundException
java/lang/Cloneable
java/lang/Error
java/lang/Exception
java/lang/ExceptionInInitializerError
java/lang/IllegalAccessException
java/lang/IllegalArgumentException
java/lang/IllegalMonitorStateException
java/lang/IllegalStateException
java/lang/IllegalThreadStateException
java/lang/IndexOutOfBoundsException
java/lang/InstantiationException
java/lang/InterruptedException
java/lang/LinkageError
java/lang/NegativeArraySizeException
java/lang/NoClassDefFoundError
java/lang/NoSuchFieldException
java/lang/NoSuchMethodException
java/lang/NullPointerException
java/lang/Number
java/lang/Object
java/lang/OutOfMemoryError
java/lang/ReflectiveOperationException
java/lang/Runnable
java/lang/RuntimeException
java/lang/String
java/lang/StringIndexOutOfBoundsException
java/lang/System
java/lang/Thread
java/lang/ThreadLocal
java/lang/Throwable
java/lang/UnsupportedOperationException
java/lang/reflect/AccessibleObject
java/lang/reflect/Array
java/lang/reflect/Constructor
java/lang/reflect/Executable
java/lang/reflect/Field
java/lang/reflect/InvocationTargetException
java/lang/reflect/Member
java/lang/reflect/Method
java/lang/reflect/Modifier
java/nio/Buffer
java/nio/BufferOverflowException
java/nio/BufferUnderflowException
java/nio/ByteBuffer
java/nio/ByteOrder
java/nio/DoubleBuffer
java/nio/FloatBuffer
java/nio/IntBuffer
java/nio/InvalidMarkException
java/nio/LongBuffer
java/nio/ReadOnlyBufferException
java/nio/ShortBuffer
java/nio/charset/CharacterCodingException
java/nio/file/AccessDeniedException
java/nio/file/CopyOption
java/nio/file/DirectoryNotEmptyException
java/nio/file/FileAlreadyExistsException
java/nio/file/FileSystemException
java/nio/file/Files
java/nio/file/InvalidPathException
java/nio/file/LinkOption
java/nio/file/NoSuchFileException
java/nio/file/OpenOption
java/nio/file/Path
java/nio/file/Paths
java/nio/file/StandardOpenOption
java/nio/file/attribute/FileAttribute
java/util/ConcurrentModificationException
java/util/NoSuchElementException
java/util/RandomAccess
java/util/concurrent/atomic/AtomicInteger
java/util/concurrent/atomic/AtomicLong
java/util/zip/DataFormatException
